OG0028976,OG0028976__cereus_19790_to_ffff_12384__diff,OG0028976__cereus_19790_Repair,117,0.987738,1.90071
OG0028976,OG0028976__cereus_19790_to_fffh_5761__diff,OG0028976__cereus_19790_Repair,114,0.967751,1.94124
OG0028976,OG0028976__cereus_19790_to_fffi_25351__diff,OG0028976__cereus_19790_Repair,46,0.903148,2.01631
OG0028003,OG0028003__cereus_5087_to_fffi_71599__diff,OG0028003__cereus_5087_Repair,7,0.850014,1.37644
OG0030099,OG0030099__cereus_76980_to_fffg_69053__diff,OG0030099__cereus_76980_Repair,6,0.815833,1.68074
OG0030099,OG0030099__cereus_76980_to_fffi_66515__diff,OG0030099__cereus_76980_Repair,6,0.814117,1.68137
OG0029756,OG0029756__cereus_51133_to_fffd_22079__diff,OG0029756__cereus_51133_Repair,6,0.574667,1.00926
OG0030099,OG0030099__cereus_76980_to_fffh_73284__diff,OG0030099__cereus_76980_Repair,7,0.534771,1.73686
OG0030099,OG0030099__cereus_76980_to_fffe_34513__diff,OG0030099__cereus_76980_Repair,13,0.480077,1.46347
OG0028003,OG0028003__cereus_5087_to_fffg_73760__diff,OG0028003__cereus_5087_Repair,5,2.26046,2.07444
OG0029756,OG0029756__cereus_51133_to_ffff_26018__diff,OG0029756__cereus_51133_Repair,130,0.187915,1.15722
OG0028003,OG0028003__cereus_5087_to_fffh_49579__diff,OG0028003__cereus_5087_Repair,4,1.46237,1.38738
OG0028003,OG0028003__cereus_5087_to_fffe_39917__diff,OG0028003__cereus_5087_Repair,7,1.14301,1.18983
OG0028976,OG0028976__cereus_19790_to_fffg_47024__diff,OG0028976__cereus_19790_Repair,111,1.10155,1.94153
OG0028976,OG0028976__cereus_19790_to_fffd_23291__diff,OG0028976__cereus_19790_Repair,112,1.09585,1.94469
OG0028976,OG0028976__cereus_19790_to_fffe_19967__diff,OG0028976__cereus_19790_Repair,111,1.09253,1.94016
OG0028003,OG0028003__cereus_5087_to_fffd_36551__diff,OG0028003__cereus_5087_Repair,6,1.2487,1.17867
OG0029756,OG0029756__cereus_51133_to_fffh_8507__diff,OG0029756__cereus_51133_Repair,1,0.589,0
OG0028003,OG0028003__cereus_5087_to_ffff_61238__diff,OG0028003__cereus_5087_Repair,8,0.509,1.70814
orthogroup,mutation_set,pdb_run,N_used,mean_ddG,sd_ddG
OG0029756,OG0029756__cereus_51133_to_fff3_31597__diff,OG0029756__cereus_51133_Repair,8,-0.041,0.934701
OG0029756,OG0029756__cereus_51133_to_fffg_67072__diff,OG0029756__cereus_51133_Repair,12,-0.0175833,0.790211
OG0029756,OG0029756__cereus_51133_to_fffi_13010__diff,OG0029756__cereus_51133_Repair,11,-0.0457273,0.553841
OG0030099,OG0030099__cereus_76980_to_ffff_67669__diff,OG0030099__cereus_76980_Repair,8,-0.0556125,0.983889
